complex_name,dong,deal_type,price_min,price_max,area_m2,floor,total_floors,direction,building_type,listing_date
힐스테이트영통,110,매매,128000,129000,84,26,27,남동향,아파트,2026-06-06
힐스테이트영통,104,매매,135000,135000,84,25,27,남동향,아파트,2026-06-06
힐스테이트영통,110,매매,135000,135000,84,16,27,남동향,아파트,2026-06-06
힐스테이트영통,106,전세,60000,60000,62,2,28,남서향,아파트,2026-06-06
힐스테이트영통,105,매매,135000,140000,84,21,27,남동향,아파트,2026-06-06
힐스테이트영통,112,전세,74000,74000,71,18,25,남동향,아파트,2026-06-05
힐스테이트영통,105,매매,132000,132000,84,,,남동향,아파트,2026-06-06
힐스테이트영통,113,매매,125000,125000,71,,,남서향,아파트,2026-06-06
힐스테이트영통,112,매매,105000,105000,62,,,남서향,아파트,2026-06-06
힐스테이트영통,112,매매,120000,120000,71,,,남동향,아파트,2026-06-06
힐스테이트영통,109,매매,135000,135000,84,,,남동향,아파트,2026-06-06
힐스테이트영통,110,매매,135000,135000,84,,,남서향,아파트,2026-06-06
힐스테이트영통,113,매매,120000,120000,71,,,남서향,아파트,2026-06-06
힐스테이트영통,113,매매,115000,115000,62,,,남동향,아파트,2026-06-06
힐스테이트영통,101,매매,113000,113000,71,,,남동향,아파트,2026-06-06
힐스테이트영통,101,매매,106000,106000,62,6,23,남서향,아파트,2026-05-30
힐스테이트영통,115,매매,116000,116000,62,,,남동향,아파트,2026-06-05
힐스테이트영통,112,매매,125000,125000,71,,,남동향,아파트,2026-06-05
힐스테이트영통,107,전세,71000,71000,71,,,남서향,아파트,2026-06-05
힐스테이트영통,104,매매,132000,132000,84,,,남동향,아파트,2026-06-05
힐스테이트영통,108,매매,160000,160000,107,,,남동향,아파트,2026-06-05
힐스테이트영통,119,매매,145000,145000,84,,,남서향,아파트,2026-06-06
힐스테이트영통,114,매매,110000,110000,62,,,남동향,아파트,2026-06-04
힐스테이트영통,102,매매,150000,150000,84,,,남동향,아파트,2026-06-04
힐스테이트영통,115,매매,123000,123000,71,,,남서향,아파트,2026-06-05
힐스테이트영통,101,매매,118000,118000,71,,,남동향,아파트,2026-06-03
힐스테이트영통,114,매매,120000,120000,71,,,남서향,아파트,2026-06-01
힐스테이트영통,118,매매,121000,121000,62,,,남서향,아파트,2026-06-01
힐스테이트영통,117,매매,160000,160000,107,,,남서향,아파트,2026-06-01
힐스테이트영통,115,매매,113000,113000,62,,,남동향,아파트,2026-05-28
힐스테이트영통,116,매매,135000,135000,84,7,29,남동향,아파트,2026-05-20
힐스테이트영통,110,전세,70000,70000,84,,,남서향,아파트,2026-05-22
힐스테이트영통,105,전세,80000,80000,84,,,남동향,아파트,2026-05-19
힐스테이트영통,116,매매,150000,150000,84,23,29,남서향,아파트,2026-05-20
힐스테이트영통,118,매매,120000,120000,71,,,남동향,아파트,2026-05-14
그대가프리미어,101,매매,130000,130000,174,3,16,남동향,아파트,2026-06-05
그대가프리미어,110,매매,97000,97000,59,2,17,남동향,아파트,2026-06-02
그대가프리미어,110,매매,102000,102000,59,14,17,남동향,아파트,2026-06-03
그대가프리미어,104,매매,106000,106000,101,3,21,남동향,아파트,2026-06-02
그대가프리미어,108,매매,115000,115000,124,3,21,남동향,아파트,2026-06-02
그대가프리미어,101,매매,135000,135000,174,,,남서향,아파트,2026-06-05
그대가프리미어,109,매매,102000,102000,59,,,남동향,아파트,2026-06-04
그대가프리미어,101,매매,160000,160000,144,16,16,남동향,아파트,2026-05-28
그대가프리미어,103,매매,116500,116500,101,,,남동향,아파트,2026-06-01
그대가프리미어,104,매매,120000,120000,101,13,21,남서향,아파트,2026-05-19
그대가프리미어,101,매매,110000,110000,144,7,16,남동향,아파트,2026-05-18
그대가프리미어,108,매매,117000,117000,124,,,남동향,아파트,2026-05-22
그대가프리미어,105,매매,130000,130000,174,,,남동향,아파트,2026-05-13
영통아이파크캐슬1단지,101,매매,115000,115000,84,2,22,남서향,아파트,2026-06-06
영통아이파크캐슬1단지,103,매매,130000,130000,105,2,24,남향,아파트,2026-06-06
영통아이파크캐슬1단지,116,매매,120000,120000,84,2,27,남동향,아파트,2026-06-06
영통아이파크캐슬1단지,103,매매,135000,140000,105,24,24,남향,아파트,2026-06-06
영통아이파크캐슬1단지,108,매매,98000,98000,59,5,24,남서향,아파트,2026-06-01
영통아이파크캐슬1단지,103,매매,140000,150000,105,,,남향,아파트,2026-06-06
영통아이파크캐슬1단지,102,매매,135000,135000,105,,,남동향,아파트,2026-06-06
영통아이파크캐슬1단지,114,매매,112000,115000,75,,,남동향,아파트,2026-06-06
영통아이파크캐슬1단지,115,매매,95000,95000,59,,,남동향,아파트,2026-06-06
영통아이파크캐슬1단지,114,전세,57000,57000,59,,,남서향,아파트,2026-06-06
영통아이파크캐슬1단지,105,매매,98000,98000,59,,,남서향,아파트,2026-06-06
영통아이파크캐슬1단지,116,매매,100000,100000,59,,,남서향,아파트,2026-06-06
영통아이파크캐슬1단지,115,매매,102000,102000,59,,,남서향,아파트,2026-06-06
영통아이파크캐슬1단지,107,매매,125000,125000,84,,,남동향,아파트,2026-06-05
영통아이파크캐슬1단지,108,매매,123000,123000,84,,,남동향,아파트,2026-06-04
영통아이파크캐슬1단지,103,매매,140000,140000,105,7,24,남향,아파트,2026-06-02
영통아이파크캐슬1단지,102,매매,145000,145000,105,,,남동향,아파트,2026-06-01
영통아이파크캐슬1단지,102,매매,130000,130000,105,,,남동향,아파트,2026-06-01
영통아이파크캐슬1단지,101,매매,145000,145000,105,,,남동향,아파트,2026-05-29
영통아이파크캐슬1단지,104,매매,119000,119000,75,,,남향,아파트,2026-05-28
영통아이파크캐슬1단지,103,매매,150000,150000,105,,,남향,아파트,2026-05-27
영통아이파크캐슬1단지,101,매매,155000,155000,105,,,남동향,아파트,2026-05-27
영통아이파크캐슬1단지,114,매매,100000,100000,59,,,남서향,아파트,2026-05-27
영통아이파크캐슬1단지,109,매매,98000,98000,59,,,남서향,아파트,2026-05-27
영통아이파크캐슬1단지,114,매매,120000,120000,84,,,남동향,아파트,2026-05-26
영통아이파크캐슬1단지,101,매매,120000,120000,105,,,남동향,아파트,2026-05-26
영통아이파크캐슬1단지,103,매매,145000,145000,105,,,남향,아파트,2026-05-26
영통아이파크캐슬1단지,103,전세,90000,90000,105,,,남향,아파트,2026-06-04
영통아이파크캐슬1단지,112,매매,98000,98000,59,,,남동향,아파트,2026-05-12
영통아이파크캐슬1단지,116,매매,125000,125000,84,,,남동향,아파트,2026-05-20
영통아이파크캐슬1단지,113,매매,112000,112000,75,,,남서향,아파트,2026-05-08
수원하늘채더퍼스트1단지,114,매매,74000,74000,74,7,15,동향,아파트,2026-06-06
수원하늘채더퍼스트1단지,118,매매,72000,72000,84,1,15,남향,아파트,2026-06-06
수원하늘채더퍼스트1단지,119,매매,79000,79000,84,1,15,동향,아파트,2026-06-06
수원하늘채더퍼스트1단지,114,매매,69000,69000,74,3,15,남동향,아파트,2026-06-06
수원하늘채더퍼스트1단지,101,매매,73000,73000,74,4,15,동향,아파트,2026-06-06
수원하늘채더퍼스트1단지,120,매매,82000,85000,84,11,15,남향,아파트,2026-06-06
수원하늘채더퍼스트1단지,119,매매,80000,80000,84,12,15,남동향,아파트,2026-06-06
수원하늘채더퍼스트1단지,112,매매,75000,75000,84,3,15,남동향,아파트,2026-06-06
수원하늘채더퍼스트1단지,112,매매,74000,74000,84,1,15,동향,아파트,2026-06-06
수원하늘채더퍼스트1단지,110,매매,83000,83000,84,1,15,남향,아파트,2026-06-06
수원하늘채더퍼스트1단지,110,매매,75000,75000,84,2,15,동향,아파트,2026-06-06
수원하늘채더퍼스트1단지,117,매매,63000,63000,59,2,15,동향,아파트,2026-06-06
수원하늘채더퍼스트1단지,108,매매,73000,73000,84,2,15,남동향,아파트,2026-06-06
수원하늘채더퍼스트1단지,118,매매,80000,80000,84,7,15,남향,아파트,2026-06-06
수원하늘채더퍼스트1단지,118,매매,85000,85000,84,13,15,남향,아파트,2026-06-06
수원하늘채더퍼스트1단지,112,매매,79000,80000,84,15,15,남동향,아파트,2026-06-06
수원하늘채더퍼스트1단지,111,매매,80000,81000,84,8,15,남동향,아파트,2026-06-06
수원하늘채더퍼스트1단지,119,매매,78000,78000,84,10,15,남동향,아파트,2026-06-06
수원하늘채더퍼스트1단지,109,매매,78000,78000,84,7,15,남동향,아파트,2026-06-06
수원하늘채더퍼스트1단지,114,매매,74000,74000,74,15,15,남동향,아파트,2026-06-06
수원하늘채더퍼스트1단지,109,매매,80000,80000,84,15,15,남동향,아파트,2026-06-06
수원하늘채더퍼스트1단지,119,매매,80000,80000,84,7,15,남동향,아파트,2026-06-06
수원하늘채더퍼스트1단지,111,매매,73000,75000,84,2,15,동향,아파트,2026-06-06
수원하늘채더퍼스트1단지,110,매매,80000,80000,84,14,15,동향,아파트,2026-06-06
수원하늘채더퍼스트1단지,119,매매,80000,80000,84,3,15,남동향,아파트,2026-06-06
수원하늘채더퍼스트1단지,103,매매,72000,72000,74,14,15,남동향,아파트,2026-06-06
수원하늘채더퍼스트1단지,111,매매,80000,80000,84,13,15,남동향,아파트,2026-06-06
수원하늘채더퍼스트1단지,112,매매,75000,75000,84,2,15,남동향,아파트,2026-06-06
수원하늘채더퍼스트1단지,112,매매,80000,80000,84,15,15,동향,아파트,2026-06-06
수원하늘채더퍼스트1단지,120,매매,74500,74500,84,3,15,남동향,아파트,2026-06-06
수원하늘채더퍼스트1단지,113,매매,73000,74500,84,4,15,남동향,아파트,2026-06-06
수원하늘채더퍼스트1단지,108,매매,78000,78000,84,4,15,남향,아파트,2026-06-06
수원하늘채더퍼스트1단지,118,매매,85000,85000,84,14,15,남동향,아파트,2026-06-06
수원하늘채더퍼스트1단지,108,매매,80000,80000,84,3,15,남향,아파트,2026-06-06
수원하늘채더퍼스트1단지,111,매매,80000,80000,84,9,15,동향,아파트,2026-06-06
수원하늘채더퍼스트1단지,113,매매,83000,83000,84,8,15,남향,아파트,2026-06-06
수원하늘채더퍼스트1단지,110,전세,60000,60000,84,1,15,남향,아파트,2026-06-05
수원하늘채더퍼스트1단지,111,매매,80000,80000,84,1,15,남동향,아파트,2026-06-04
수원하늘채더퍼스트1단지,110,매매,83000,83000,84,,,동향,아파트,2026-06-06
수원하늘채더퍼스트1단지,101,매매,78500,78500,74,,,남향,아파트,2026-06-06
수원하늘채더퍼스트1단지,105,매매,64000,64000,59,,,남동향,아파트,2026-06-06
수원하늘채더퍼스트1단지,120,매매,79000,79000,84,,,남동향,아파트,2026-06-06
수원하늘채더퍼스트1단지,108,매매,79000,79000,84,,,남동향,아파트,2026-06-06
수원하늘채더퍼스트1단지,102,매매,80000,80000,74,,,남향,아파트,2026-06-05
수원하늘채더퍼스트1단지,110,매매,85000,85000,84,,,동향,아파트,2026-06-05
수원하늘채더퍼스트1단지,104,매매,70000,70000,59,,,남향,아파트,2026-06-05
수원하늘채더퍼스트1단지,119,매매,100000,100000,84,15,15,남동향,아파트,2026-05-29
수원하늘채더퍼스트1단지,116,매매,62500,62500,59,,,남동향,아파트,2026-06-03
수원하늘채더퍼스트1단지,112,매매,82000,82000,84,,,남향,아파트,2026-06-03
수원하늘채더퍼스트1단지,112,매매,71000,71000,84,,,남동향,아파트,2026-06-02
수원하늘채더퍼스트1단지,109,매매,73000,73000,84,,,남동향,아파트,2026-06-02
수원하늘채더퍼스트1단지,118,매매,85000,85000,84,,,동향,아파트,2026-06-01
수원하늘채더퍼스트1단지,120,매매,83000,83000,84,,,동향,아파트,2026-06-01
수원하늘채더퍼스트1단지,103,매매,71900,71900,74,,,남향,아파트,2026-06-01
수원하늘채더퍼스트1단지,104,매매,65000,65000,59,,,동향,아파트,2026-05-28
수원하늘채더퍼스트1단지,116,매매,69000,69000,59,,,동향,아파트,2026-05-28
수원하늘채더퍼스트1단지,120,매매,80000,80000,84,,,남향,아파트,2026-05-27
래미안영통마크원1단지,105,매매,90000,90000,84,11,22,남동향,아파트,2026-06-04
래미안영통마크원1단지,104,매매,90000,90000,84,17,22,남서향,아파트,2026-06-01
래미안영통마크원1단지,104,매매,90000,90000,84,,,남동향,아파트,2026-06-06
래미안영통마크원1단지,104,매매,87000,87000,84,,,남향,아파트,2026-06-05
래미안영통마크원1단지,103,전세,60000,60000,97,,,남동향,아파트,2026-06-04
래미안영통마크원1단지,101,매매,84000,84000,84,,,남향,아파트,2026-05-25
래미안영통마크원1단지,105,매매,95000,95000,84,,,남향,아파트,2026-06-02
래미안영통마크원1단지,104,매매,88000,88000,84,,,남향,아파트,2026-05-20
동수원자이1차,108,매매,64000,64000,84,19,22,남향,아파트,2026-06-04
동수원자이1차,113,매매,72000,72000,168,20,22,남향,아파트,2026-06-02
동수원자이1차,110,매매,68000,68000,126,19,22,남향,아파트,2026-06-02
동수원자이1차,103,매매,63000,63000,84,,,남향,아파트,2026-06-05
동수원자이1차,111,매매,75000,75000,147,16,20,남향,아파트,2026-05-29
동수원자이1차,103,전세,45000,45000,84,,,남향,아파트,2026-06-04
동수원자이1차,108,매매,64000,64000,84,20,22,남향,아파트,2026-06-05
동수원자이1차,110,매매,61000,61000,126,3,22,남향,아파트,2026-06-02
동수원자이1차,112,매매,70000,70000,147,12,21,남향,아파트,2026-05-22
동수원자이1차,104,매매,63000,63000,84,,,남향,아파트,2026-06-04
동수원자이1차,102,매매,60000,60000,99,5,21,남향,아파트,2026-05-19
동수원자이1차,102,매매,60000,60000,99,1,21,남향,아파트,2026-05-26
동수원자이1차,114,매매,68000,68000,99,6,22,남향,아파트,2026-05-14
동수원자이1차,107,매매,62000,62000,84,12,23,남향,아파트,2026-05-12
동수원자이1차,102,매매,60000,60000,99,18,21,남향,아파트,2026-05-22
동수원자이1차,111,매매,68000,68000,147,2,20,남향,아파트,2026-05-22
동수원자이1차,101,매매,72000,72000,126,12,21,남향,아파트,2026-05-15
동수원자이1차,114,매매,64000,64000,99,22,22,남향,아파트,2026-05-15
동수원자이1차,110,매매,63000,63000,126,2,22,남향,아파트,2026-05-07
영통자이,103,매매,68000,68000,59,26,27,남향,아파트,2026-06-02
영통자이,103,매매,68500,68500,59,24,27,동향,아파트,2026-05-30
영통자이,103,전세,34600,34600,59,,,남향,아파트,2026-06-04
영통자이,103,매매,67000,67000,59,,,남향,아파트,2026-06-01
영통자이,102,매매,68000,68000,59,,,남향,아파트,2026-06-01
영통자이,107,매매,64000,64000,59,,,남향,아파트,2026-05-30
영통자이,102,매매,78000,78000,75,,,남향,아파트,2026-05-27
영통자이,105,매매,65000,65000,59,,,남향,아파트,2026-05-21
영통자이,107,매매,69000,69000,59,,,남향,아파트,2026-05-12
영통푸르지오트레센츠,113,전세,60000,60000,105,,,남동향,아파트,2026-06-02
수원아이파크시티2단지,226,매매,66000,66000,84,13,13,남향,아파트,2026-06-06
수원아이파크시티2단지,216,매매,63000,65000,84,2,14,남향,아파트,2026-06-06
수원아이파크시티2단지,211,매매,71000,71000,84,14,14,남향,아파트,2026-06-06
수원아이파크시티2단지,215,매매,70000,70000,101,1,14,남향,아파트,2026-06-06
수원아이파크시티2단지,222,매매,76000,76000,123,1,14,남동향,아파트,2026-06-06
수원아이파크시티2단지,202,매매,67000,67000,84,6,13,남향,아파트,2026-06-06
수원아이파크시티2단지,213,매매,82000,82000,123,4,14,남동향,아파트,2026-06-05
수원아이파크시티2단지,213,매매,79000,79000,123,2,14,남동향,아파트,2026-06-05
수원아이파크시티2단지,209,매매,200000,200000,202,12,13,남향,아파트,2026-06-05
수원아이파크시티2단지,208,매매,90000,90000,148,11,13,남향,아파트,2026-06-05
수원아이파크시티2단지,222,매매,83000,83000,123,14,14,남향,아파트,2026-06-05
수원아이파크시티2단지,205,매매,85000,85000,123,4,14,남서향,아파트,2026-06-05
수원아이파크시티2단지,217,매매,92000,92000,134,6,13,남향,아파트,2026-06-05
수원아이파크시티2단지,208,매매,100000,100000,134,11,13,남향,아파트,2026-06-04
수원아이파크시티2단지,208,매매,96000,96000,148,6,13,남향,아파트,2026-06-04
수원아이파크시티2단지,212,매매,85000,85000,123,14,14,남향,아파트,2026-06-04
수원아이파크시티2단지,209,매매,150000,150000,202,13,13,남향,아파트,2026-06-04
수원아이파크시티2단지,217,매매,120000,120000,134,9,13,남향,아파트,2026-06-04
수원아이파크시티2단지,204,매매,80000,85000,123,5,14,남서향,아파트,2026-06-03
수원아이파크시티2단지,218,매매,105000,115000,148,12,13,남향,아파트,2026-06-03
수원아이파크시티2단지,213,매매,82000,82000,123,7,14,남동향,아파트,2026-06-02
수원아이파크시티2단지,204,매매,75000,75000,101,,,남향,아파트,2026-06-06
수원아이파크시티2단지,204,전세,60000,60000,123,,,남향,아파트,2026-06-06
수원아이파크시티2단지,203,매매,70000,70000,84,,,남향,아파트,2026-06-06
수원아이파크시티2단지,205,매매,100000,100000,123,2,14,남동향,아파트,2026-05-30
수원아이파크시티2단지,222,매매,77000,77000,101,,,남향,아파트,2026-06-05
수원아이파크시티2단지,209,매매,90000,100000,123,,,남서향,아파트,2026-06-05
수원아이파크시티2단지,212,매매,85000,85000,123,,,남향,아파트,2026-06-05
수원아이파크시티2단지,216,매매,72000,72000,84,,,남향,아파트,2026-06-05
수원아이파크시티2단지,208,매매,95000,95000,148,13,13,남향,아파트,2026-05-30
수원아이파크시티2단지,217,매매,95000,95000,134,13,13,남향,아파트,2026-05-29
수원아이파크시티2단지,216,매매,67000,67000,84,,,남향,아파트,2026-06-04
수원아이파크시티2단지,222,매매,77000,79000,123,,,남향,아파트,2026-06-04
수원아이파크시티2단지,222,매매,87000,87000,123,,,남향,아파트,2026-06-04
수원아이파크시티2단지,223,매매,70000,70000,84,,,남향,아파트,2026-06-04
수원아이파크시티2단지,212,전세,55000,55000,101,,,동향,아파트,2026-06-02
수원아이파크시티2단지,213,매매,86000,86000,123,,,남향,아파트,2026-06-01
수원아이파크시티2단지,225,매매,85000,85000,123,,,남향,아파트,2026-06-01
수원아이파크시티2단지,210,매매,95000,95000,148,,,남향,아파트,2026-06-01
수원아이파크시티2단지,217,매매,120000,120000,134,12,13,남서향,아파트,2026-05-25
수원아이파크시티2단지,213,매매,77000,77000,101,1,14,남동향,아파트,2026-05-25
수원아이파크시티2단지,218,매매,120000,120000,148,9,13,남향,아파트,2026-05-25
수원아이파크시티2단지,213,매매,80000,80000,101,,,남향,아파트,2026-05-30
수원아이파크시티2단지,217,매매,98000,98000,134,,,남향,아파트,2026-05-29
수원아이파크시티2단지,204,매매,86000,86000,123,,,남향,아파트,2026-05-29
수원아이파크시티2단지,218,매매,110000,110000,148,,,남향,아파트,2026-05-28
수원아이파크시티2단지,210,매매,100000,100000,148,,,남향,아파트,2026-05-25
수원아이파크시티2단지,225,매매,79000,79000,123,,,남향,아파트,2026-05-25
수원아이파크시티2단지,220,매매,90000,90000,123,,,남서향,아파트,2026-05-25
수원아이파크시티2단지,219,매매,62000,62000,84,,,남향,아파트,2026-05-19
수원아이파크시티2단지,208,매매,105000,105000,134,,,남향,아파트,2026-05-15
수원아이파크시티2단지,215,매매,85000,85000,123,,,남향,아파트,2026-05-14
수원아이파크시티2단지,216,매매,63000,63000,84,,,남동향,아파트,2026-05-14
수원아이파크시티2단지,220,매매,89000,89000,123,,,남서향,아파트,2026-05-11
수원아이파크시티2단지,204,매매,80000,80000,101,,,남향,아파트,2026-05-08
권선자이e편한세상,118,매매,66000,67000,84,9,15,동향,아파트,2026-06-06
권선자이e편한세상,132,매매,63000,63000,59,14,15,동향,아파트,2026-06-06
권선자이e편한세상,105,매매,70000,70000,84,13,15,남향,아파트,2026-06-06
권선자이e편한세상,108,매매,73000,75000,136,11,15,남향,아파트,2026-06-06
권선자이e편한세상,130,매매,79000,83000,195,2,15,남향,아파트,2026-06-06
권선자이e편한세상,118,매매,74000,74000,123,15,15,남향,아파트,2026-06-06
권선자이e편한세상,105,매매,73000,75000,136,5,15,남향,아파트,2026-06-06
권선자이e편한세상,109,매매,70000,70000,84,8,15,남향,아파트,2026-06-06
권선자이e편한세상,130,매매,88000,89000,195,10,15,남향,아파트,2026-06-06
권선자이e편한세상,126,매매,54000,54000,59,1,15,남향,아파트,2026-06-06
권선자이e편한세상,108,매매,73000,75000,136,4,15,남향,아파트,2026-06-05
권선자이e편한세상,109,매매,70000,70000,123,15,15,남향,아파트,2026-06-05
권선자이e편한세상,123,매매,75000,75000,123,14,15,남향,아파트,2026-06-05
권선자이e편한세상,110,매매,68000,68000,104,3,15,남향,아파트,2026-06-05
권선자이e편한세상,111,매매,75000,75000,136,10,15,남향,아파트,2026-06-05
권선자이e편한세상,127,매매,95000,95000,195,13,15,남향,아파트,2026-06-05
권선자이e편한세상,104,매매,70000,70000,123,1,15,남향,아파트,2026-06-05
권선자이e편한세상,131,전세,45000,45000,59,5,15,동향,아파트,2026-06-05
권선자이e편한세상,117,매매,80000,80000,160,1,15,남향,아파트,2026-06-05
권선자이e편한세상,127,매매,85000,90000,195,4,15,남향,아파트,2026-06-05
권선자이e편한세상,132,매매,75000,75000,133,1,15,남향,아파트,2026-06-05
권선자이e편한세상,120,매매,75000,75000,136,10,15,남향,아파트,2026-06-05
권선자이e편한세상,113,전세,50000,50000,84,4,15,동향,아파트,2026-06-05
권선자이e편한세상,111,매매,70500,70500,84,13,15,남향,아파트,2026-06-04
권선자이e편한세상,102,매매,63000,63000,59,12,15,남향,아파트,2026-06-04
권선자이e편한세상,134,매매,63000,63000,59,13,15,동향,아파트,2026-06-04
권선자이e편한세상,106,매매,68000,68000,84,10,15,동향,아파트,2026-06-03
권선자이e편한세상,123,매매,62000,62000,84,1,15,동향,아파트,2026-06-03
권선자이e편한세상,132,전세,46000,46000,59,14,15,동향,아파트,2026-06-03
권선자이e편한세상,132,매매,75000,80000,133,15,15,남향,아파트,2026-06-02
권선자이e편한세상,118,매매,74000,75000,123,3,15,남향,아파트,2026-06-02
권선자이e편한세상,118,전세,60000,60000,123,6,15,남향,아파트,2026-06-01
권선자이e편한세상,129,매매,75000,75000,123,14,15,남향,아파트,2026-06-01
권선자이e편한세상,108,매매,82000,82000,136,13,15,남향,아파트,2026-05-30
권선자이e편한세상,128,매매,75000,75000,123,3,15,남향,아파트,2026-05-30
권선자이e편한세상,112,매매,77000,80000,123,11,15,남향,아파트,2026-05-30
권선자이e편한세상,112,매매,74000,75000,123,,,남향,아파트,2026-06-05
권선자이e편한세상,118,매매,67000,67000,84,10,15,남향,아파트,2026-05-29
권선자이e편한세상,132,매매,71000,73000,133,5,15,남향,아파트,2026-05-28
권선자이e편한세상,134,매매,52000,53000,59,2,15,동향,아파트,2026-05-26
권선자이e편한세상,110,전세,50000,50000,84,4,15,남향,아파트,2026-05-26
권선자이e편한세상,107,매매,69000,69000,104,4,15,남향,아파트,2026-05-26
권선자이e편한세상,122,매매,68000,68000,84,4,15,남향,아파트,2026-05-26
권선자이e편한세상,105,매매,72000,72000,136,3,15,남향,아파트,2026-05-26
권선자이e편한세상,127,매매,90000,90000,195,4,15,남향,아파트,2026-06-05
권선자이e편한세상,120,매매,77000,77000,136,11,15,남향,아파트,2026-06-05
권선자이e편한세상,105,매매,73000,74000,136,7,15,남향,아파트,2026-06-05
권선자이e편한세상,124,매매,68000,70000,84,12,15,동향,아파트,2026-06-05
권선자이e편한세상,131,매매,68000,69000,84,6,15,남향,아파트,2026-05-26
권선자이e편한세상,115,매매,68500,68500,84,15,15,남향,아파트,2026-06-02
권선자이e편한세상,104,매매,85000,85000,123,,,남향,아파트,2026-05-30
권선자이e편한세상,109,매매,75000,75000,123,6,15,남향,아파트,2026-06-01
권선자이e편한세상,104,매매,75000,75000,123,12,15,남향,아파트,2026-05-30
권선자이e편한세상,118,매매,66000,66000,84,8,15,동향,아파트,2026-05-30
권선자이e편한세상,126,매매,56000,56000,59,5,15,동향,아파트,2026-05-30
권선자이e편한세상,115,매매,68000,69000,84,11,15,남동향,아파트,2026-05-30
권선자이e편한세상,112,매매,66500,66500,84,3,15,남향,아파트,2026-05-30
권선자이e편한세상,128,매매,70000,70000,123,14,15,남향,아파트,2026-05-30
권선자이e편한세상,134,매매,59000,59000,59,9,15,동향,아파트,2026-05-30
매탄권선역리버파크,333,전세,35000,35000,59,9,15,남향,아파트,2026-06-04
매탄권선역리버파크,332,매매,49500,49500,59,19,19,남향,아파트,2026-06-04
매탄권선역리버파크,334,매매,51000,51000,59,9,15,남향,아파트,2026-06-04
매탄권선역리버파크,332,매매,52000,52000,59,19,19,남서향,아파트,2026-05-29
매탄권선역리버파크,331,전세,35000,35000,59,18,18,남서향,아파트,2026-05-29
매탄권선역리버파크,331,매매,53000,53000,59,16,18,남서향,아파트,2026-05-23
매탄권선역리버파크,334,매매,48000,48000,59,8,15,남향,아파트,2026-05-28
매탄권선역리버파크,332,매매,37500,37500,49,2,19,남향,아파트,2026-05-27
매탄권선역리버파크,333,매매,54000,54000,59,6,15,남서향,아파트,2026-05-14
매탄권선역리버파크,334,매매,53000,53000,59,7,15,남서향,아파트,2026-05-14
매탄권선역리버파크,335,매매,39000,39000,49,13,19,남향,아파트,2026-05-12
현대(1240),207,매매,40500,40500,60,11,15,남동향,아파트,2026-06-04
현대(1240),201,매매,38000,38000,60,6,15,남서향,아파트,2026-06-01
현대(1240),208,매매,40000,40000,60,11,15,남향,아파트,2026-06-04
현대(1240),206,전세,22000,22000,60,13,15,남향,아파트,2026-06-02
현대(1240),207,매매,42000,42000,60,7,15,동향,아파트,2026-06-01
현대(1240),208,매매,37000,37000,60,2,15,남향,아파트,2026-06-01
현대(1240),201,매매,40000,40000,60,2,15,남향,아파트,2026-06-01
현대(1240),210,매매,42000,42000,60,9,15,남향,아파트,2026-06-01
현대(1240),202,매매,42000,42000,60,11,15,남향,아파트,2026-06-01
현대(1240),209,매매,36000,36000,60,2,15,남동향,아파트,2026-05-26
현대(1240),201,매매,38000,38000,60,2,15,남서향,아파트,2026-05-26
현대(1240),207,매매,42000,42000,60,8,15,동향,아파트,2026-05-18
현대(1240),204,매매,39000,39000,60,3,15,남향,아파트,2026-05-18
현대(1240),210,매매,41000,41000,60,1,15,남향,아파트,2026-05-15
현대(1240),206,매매,35000,35000,60,1,15,남서향,아파트,2026-05-07
현대(1240),204,매매,40000,40000,60,6,15,남향,아파트,2026-05-11
현대(1240),201,매매,38000,38000,60,3,15,남향,아파트,2026-05-11
현대(1240),210,매매,39000,39000,60,3,15,남향,아파트,2026-05-11
현대(1240),202,매매,39000,39000,60,13,15,남향,아파트,2026-05-07
주공그린빌5단지,502,매매,48000,48000,59,4,18,남향,아파트,2026-06-01
주공그린빌5단지,507,매매,40000,40000,46,6,18,남동향,아파트,2026-06-04
주공그린빌5단지,502,매매,38000,38000,49,6,18,남향,아파트,2026-05-29
주공그린빌5단지,505,매매,39000,39000,45,8,15,남향,아파트,2026-06-02
주공그린빌5단지,506,매매,34000,34000,36,6,15,남서향,아파트,2026-05-19
주공그린빌5단지,507,매매,38000,38000,45,17,18,동향,아파트,2026-05-29
주공그린빌5단지,506,매매,30000,30000,36,3,15,남향,아파트,2026-05-29
주공그린빌5단지,506,매매,29000,29000,36,2,15,남향,아파트,2026-05-29
주공그린빌5단지,502,매매,36000,36000,49,2,18,남향,아파트,2026-05-29
주공그린빌5단지,501,매매,39000,39000,49,8,18,남향,아파트,2026-05-28
주공그린빌5단지,504,매매,43500,43500,59,1,15,남향,아파트,2026-05-27
주공그린빌5단지,501,매매,51000,51000,59,4,18,남향,아파트,2026-05-27
주공그린빌5단지,508,매매,36000,36000,45,3,18,남향,아파트,2026-05-26
주공그린빌5단지,504,매매,47000,47000,59,2,15,남향,아파트,2026-05-26
주공그린빌5단지,501,매매,39000,39000,49,14,18,남향,아파트,2026-05-21
주공그린빌5단지,507,매매,33000,33000,45,1,18,남향,아파트,2026-05-19
주공그린빌5단지,505,매매,31000,31000,45,1,15,남향,아파트,2026-05-19
주공그린빌5단지,507,매매,40000,40000,45,11,18,남향,아파트,2026-05-16
주공그린빌5단지,508,매매,35000,35000,45,1,18,남향,아파트,2026-05-15
